City_ID,City,Country,Date,Lat,Lng,Max Temp,Humidity,Cloudiness,Wind Speed
0,Punta Arenas,CL,2021-06-13 23:22:17,-53.15,-70.9167,35.71,87,0,8.05
1,Zhangjiakou,CN,2021-06-13 23:25:22,40.81,114.8794,67.87,88,99,2.28
2,Clyde River,CA,2021-06-13 23:25:22,70.4692,-68.5914,32.23,86,90,11.5
3,Kirakira,SB,2021-06-13 23:24:44,-10.4544,161.9205,84.04,64,70,9.48
4,Arraial Do Cabo,BR,2021-06-13 23:25:23,-22.9661,-42.0278,69.3,61,90,11.3
5,Ushirombo,TZ,2021-06-13 23:25:24,-3.4919,31.9639,66.9,62,75,3.22
6,Butaritari,KI,2021-06-13 23:21:51,3.0707,172.7902,81.73,78,86,9.26
7,Ushuaia,AR,2021-06-13 23:25:10,-54.8,-68.3,37.06,81,75,23.02
8,Lebu,CL,2021-06-13 23:25:25,-37.6167,-73.65,50.43,77,100,17.07
9,Jamestown,US,2021-06-13 23:25:25,42.097,-79.2353,76.64,71,20,3.0
10,Los Llanos De Aridane,ES,2021-06-13 23:25:25,28.6585,-17.9182,67.75,92,75,14.97
11,Kapaa,US,2021-06-13 23:21:04,22.0752,-159.319,84.18,73,20,7.0
12,Porto Novo,BJ,2021-06-13 23:25:26,6.4965,2.6036,82.22,80,21,8.23
13,The Valley,AI,2021-06-13 23:25:27,18.217,-63.0578,81.1,78,40,11.5
14,Yellowknife,CA,2021-06-13 23:22:02,62.456,-114.3525,70.32,49,40,14.97
15,Beringovskiy,RU,2021-06-13 23:25:28,63.05,179.3167,33.75,100,100,13.73
16,Egvekinot,RU,2021-06-13 23:25:28,66.3167,-179.1667,40.87,63,75,6.13
17,Atuona,PF,2021-06-13 23:25:28,-9.8,-139.0333,79.27,79,92,18.77
18,Helong,CN,2021-06-13 23:25:29,42.5397,128.9972,68.58,79,83,2.66
19,Puerto Ayora,EC,2021-06-13 23:24:28,-0.7393,-90.3518,73.54,75,72,11.99
20,Eresos,GR,2021-06-13 23:25:29,39.1667,25.9333,72.91,74,97,11.18
21,Qaanaaq,GL,2021-06-13 23:20:55,77.484,-69.3632,35.78,75,75,1.23
22,Lompoc,US,2021-06-13 23:25:08,34.6391,-120.4579,87.13,80,75,13.8
23,Yaransk,RU,2021-06-13 23:25:30,57.3033,47.8861,58.24,96,52,7.11
24,Port Alfred,ZA,2021-06-13 23:25:31,-33.5906,26.891,64.65,84,60,15.46
25,Kaitangata,NZ,2021-06-13 23:25:31,-46.2817,169.8464,52.48,96,100,7.4
26,Houma,US,2021-06-13 23:24:10,29.5958,-90.7195,95.0,65,75,4.61
27,Sorong,ID,2021-06-13 23:22:04,-0.8833,131.25,78.49,87,100,6.2
28,Ewa Beach,US,2021-06-13 23:25:32,21.3156,-158.0072,84.15,50,75,15.99
29,Cidreira,BR,2021-06-13 23:25:33,-30.1811,-50.2056,60.48,78,0,9.84
30,Sitka,US,2021-06-13 23:25:33,57.0531,-135.33,64.29,55,75,12.66
31,Tuktoyaktuk,CA,2021-06-13 23:25:34,69.4541,-133.0374,35.6,100,90,10.36
32,Hobart,AU,2021-06-13 23:25:34,-42.8794,147.3294,54.01,95,75,0.0
33,Cape Town,ZA,2021-06-13 23:25:34,-33.9258,18.4232,54.12,77,20,3.44
34,Aklavik,CA,2021-06-13 23:23:19,68.2191,-135.0107,50.83,52,100,12.55
35,Mataura,NZ,2021-06-13 23:23:14,-46.1927,168.8643,49.48,98,100,2.98
36,Mwense,ZM,2021-06-13 23:25:36,-10.3845,28.698,57.4,52,1,4.54
37,High Level,CA,2021-06-13 23:25:36,58.5169,-117.136,77.11,29,40,10.36
38,Bluff,NZ,2021-06-13 23:25:36,-46.6,168.3333,49.8,96,100,12.08
39,Quixeramobim,BR,2021-06-13 23:25:37,-5.1992,-39.2928,77.25,57,75,4.32
40,Mount Gambier,AU,2021-06-13 23:25:37,-37.8333,140.7667,49.91,81,52,6.91
41,Bonavista,CA,2021-06-13 23:25:38,48.6499,-53.1147,44.6,92,99,5.19
42,Busselton,AU,2021-06-13 23:25:38,-33.65,115.3333,54.09,72,94,24.2
43,Saint-Philippe,RE,2021-06-13 23:25:39,-21.3585,55.7679,72.95,79,64,15.86
44,Bredasdorp,ZA,2021-06-13 23:25:39,-34.5322,20.0403,47.52,93,71,1.14
45,Hilo,US,2021-06-13 23:25:40,19.7297,-155.09,80.33,79,75,11.5
46,Rikitea,PF,2021-06-13 23:25:40,-23.1203,-134.9692,74.77,78,60,13.73
47,Dikson,RU,2021-06-13 23:25:40,73.5069,80.5464,33.08,99,97,11.97
48,Louis Trichardt,ZA,2021-06-13 23:25:41,-23.0439,29.9032,53.31,52,0,2.08
49,College,US,2021-06-13 23:25:41,64.8569,-147.8028,74.01,51,75,8.05
50,Catabola,AO,2021-06-13 23:25:42,-12.15,17.2833,51.87,44,86,4.03
51,Parana,AR,2021-06-13 23:22:15,-31.732,-60.5238,63.55,70,0,8.28
52,Truro,GB,2021-06-13 23:25:42,50.2653,-5.0544,61.88,77,0,5.75
53,Yunyang,CN,2021-06-13 23:25:43,33.4474,112.7142,77.56,91,100,1.43
54,Burnie,AU,2021-06-13 23:25:43,-41.0667,145.9167,54.91,85,100,3.44
55,Luderitz,NA,2021-06-13 23:22:13,-26.6481,15.1594,63.97,62,0,4.41
56,Hobyo,SO,2021-06-13 23:25:44,5.3505,48.5268,77.09,86,90,23.96
57,Ponta Do Sol,PT,2021-06-13 23:25:44,32.6667,-17.1,70.43,65,51,4.79
58,Severo-Kurilsk,RU,2021-06-13 23:21:19,50.6789,156.125,43.79,95,100,14.74
59,Neuquen,AR,2021-06-13 23:25:45,-38.9516,-68.0591,53.49,50,0,3.44
60,Mahon,ES,2021-06-13 23:25:46,39.8885,4.2658,70.36,68,0,5.75
61,Zhaodong,CN,2021-06-13 23:25:46,46.0833,125.9833,71.62,67,88,13.27
62,Nikolskoye,RU,2021-06-13 23:25:46,59.7035,30.7861,57.78,94,100,5.12
63,Puerto Escondido,MX,2021-06-13 23:22:28,15.85,-97.0667,83.39,75,84,2.82
64,Tiksi,RU,2021-06-13 23:25:47,71.6872,128.8694,38.68,86,100,5.68
65,Olafsvik,IS,2021-06-13 23:25:47,64.8945,-23.7142,40.26,81,98,28.72
66,Kodinsk,RU,2021-06-13 23:25:48,58.6881,99.1844,45.41,96,100,10.89
67,Bucerias,MX,2021-06-13 23:25:48,20.75,-105.3333,82.38,78,90,2.3
68,Sawakin,SD,2021-06-13 23:25:49,19.1059,37.3321,90.18,45,10,8.03
69,Kununurra,AU,2021-06-13 23:25:49,-15.7667,128.7333,60.78,77,65,0.0
70,Hermanus,ZA,2021-06-13 23:25:50,-34.4187,19.2345,53.91,88,61,2.39
71,Vaini,TO,2021-06-13 23:25:50,-21.2,-175.2,78.96,73,20,8.05
72,Ambon,ID,2021-06-13 23:25:51,-3.6954,128.1814,77.14,94,40,14.97
73,Lata,PT,2021-06-13 23:21:57,40.1629,-8.3327,65.05,95,16,1.92
74,Ziebice,PL,2021-06-13 23:25:51,50.6012,17.0406,55.92,89,44,4.99
75,Port-Gentil,GA,2021-06-13 23:25:52,-0.7193,8.7815,78.76,89,40,8.05
76,Potiskum,NG,2021-06-13 23:25:52,11.7091,11.0694,87.12,45,86,11.14
77,Cowra,AU,2021-06-13 23:25:52,-33.8333,148.6833,52.27,71,55,0.98
78,Zambezi,ZM,2021-06-13 23:25:53,-13.5432,23.1047,51.19,46,44,6.11
79,Thompson,CA,2021-06-13 23:24:07,55.7435,-97.8558,53.76,76,90,9.22
80,Khatanga,RU,2021-06-13 23:25:53,71.9667,102.5,41.67,71,100,16.37
81,Okhotsk,RU,2021-06-13 23:25:54,59.3833,143.3,49.96,66,61,12.3
82,Mount Darwin,ZW,2021-06-13 23:25:54,-16.7725,31.5838,51.78,59,1,2.46
83,Nanortalik,GL,2021-06-13 23:25:55,60.1432,-45.2371,36.57,88,94,6.17
84,Cabo San Lucas,MX,2021-06-13 23:25:55,22.8909,-109.9124,90.52,73,75,3.44
85,Saint Anthony,US,2021-06-13 23:25:56,45.0205,-93.218,94.93,26,1,4.0
86,Amapa,BR,2021-06-13 23:25:57,1.0,-52.0,74.08,96,100,1.36
87,Capreol,CA,2021-06-13 23:25:57,46.706,-80.9225,75.9,51,75,1.01
88,Avarua,CK,2021-06-13 23:25:57,-21.2078,-159.775,77.05,65,90,11.5
89,Barrow,US,2021-06-13 23:25:58,71.2906,-156.7887,35.62,93,90,16.11
90,San Patricio,US,2021-06-13 23:25:58,28.017,-97.5169,95.09,46,6,8.77
91,Kodiak,US,2021-06-13 23:23:56,57.79,-152.4072,51.31,82,1,9.22
92,Haapiti,PF,2021-06-13 23:25:59,-17.5667,-149.8667,82.13,79,19,16.17
93,Ilulissat,GL,2021-06-13 23:21:33,69.2167,-51.1,37.42,75,90,5.75
94,Zabid,YE,2021-06-13 23:25:59,14.1951,43.3152,89.33,47,70,5.95
95,Santa Cruz De Tenerife,ES,2021-06-13 23:26:00,28.4682,-16.2546,70.02,87,90,5.01
96,Saint-Paul,RE,2021-06-13 23:24:32,-21.0096,55.2707,73.49,84,32,3.0
97,Morant Bay,JM,2021-06-13 23:26:01,17.8815,-76.4093,83.82,82,100,9.28
98,Fairbanks,US,2021-06-13 23:24:32,64.8378,-147.7164,74.03,51,75,8.05
99,Georgetown,MY,2021-06-13 23:25:13,5.4112,100.3354,80.53,90,20,3.44
100,Hokitika,NZ,2021-06-13 23:26:01,-42.7167,170.9667,58.06,91,57,4.23
101,Abu Dhabi,AE,2021-06-13 23:23:14,24.4667,54.3667,89.62,70,0,4.61
102,Broome,US,2021-06-13 23:26:02,42.2506,-75.833,79.57,67,75,3.0
103,Klaksvik,FO,2021-06-13 23:26:03,62.2266,-6.589,49.12,87,99,22.01
104,Fort Nelson,CA,2021-06-13 23:26:03,58.8053,-122.7002,74.79,25,40,2.3
105,Zhigansk,RU,2021-06-13 23:26:04,66.7697,123.3711,52.63,81,100,1.3
106,Evinayong,GQ,2021-06-13 23:26:04,1.4368,10.5512,67.8,99,86,2.28
107,Baglung,NP,2021-06-13 23:26:05,28.2719,83.5898,68.95,94,100,2.46
108,Saldanha,ZA,2021-06-13 23:21:29,-33.0117,17.9442,44.65,85,4,3.94
109,Alyangula,AU,2021-06-13 23:26:05,-13.8483,136.4192,75.07,83,57,4.61
110,Meadow Lake,US,2021-06-13 23:26:06,34.8014,-106.5436,101.61,9,4,3.51
111,Isangel,VU,2021-06-13 23:21:47,-19.55,169.2667,80.71,78,40,0.0
112,Albany,US,2021-06-13 23:25:42,42.6001,-73.9662,78.15,59,53,1.01
113,Rajpipla,IN,2021-06-13 23:26:06,21.8667,73.5,83.19,81,57,14.79
114,Solnechnyy,RU,2021-06-13 23:26:07,50.7214,136.6319,59.94,50,3,4.36
115,Sao Joao Da Barra,BR,2021-06-13 23:26:07,-21.6403,-41.0511,67.21,74,93,10.63
116,Kendari,ID,2021-06-13 23:26:08,-3.945,122.4989,74.52,96,100,3.02
117,Maragogi,BR,2021-06-13 23:26:08,-9.0122,-35.2225,75.09,87,65,7.2
118,Upernavik,GL,2021-06-13 23:21:14,72.7868,-56.1549,36.3,83,74,1.68
119,Roma,US,2021-06-13 23:26:09,43.2128,-75.4557,82.44,44,90,3.44
120,Port Elizabeth,ZA,2021-06-13 23:26:09,-33.918,25.5701,59.29,82,0,13.8
121,Honiara,SB,2021-06-13 23:26:10,-9.4333,159.95,84.99,70,57,5.75
122,Norman Wells,CA,2021-06-13 23:26:10,65.282,-126.8329,55.44,62,75,19.57
123,Norrtalje,SE,2021-06-13 23:26:10,59.758,18.705,55.49,74,29,8.32
124,Tiznit,MA,2021-06-13 23:26:11,29.5833,-9.5,62.82,76,3,3.06
125,Ulladulla,AU,2021-06-13 23:26:11,-35.35,150.4667,54.5,68,97,4.0
126,Zaysan,KZ,2021-06-13 23:26:12,47.4667,84.8667,47.93,74,12,8.81
127,Deputatskiy,RU,2021-06-13 23:26:12,69.3,139.9,57.88,48,100,1.36
128,Tuzha,RU,2021-06-13 23:26:13,57.6062,47.936,57.9,97,69,6.53
129,Alofi,NU,2021-06-13 23:26:13,-19.0595,-169.9187,80.49,69,56,14.97
130,Livingston,GB,2021-06-13 23:26:14,55.9029,-3.5226,61.21,81,75,10.36
131,Skagen,DK,2021-06-13 23:26:14,57.7209,10.5839,57.27,92,19,21.79
132,Gigmoto,PH,2021-06-13 23:26:15,13.7796,124.39,81.86,77,97,2.84
133,Xai-Xai,MZ,2021-06-13 23:26:15,-25.0519,33.6442,61.68,88,1,5.32
134,Richton Park,US,2021-06-13 23:26:15,41.4845,-87.7034,87.93,37,1,6.91
135,Ribeira Grande,PT,2021-06-13 23:21:20,38.5167,-28.7,69.73,79,18,3.31
136,Marawi,PH,2021-06-13 23:26:16,7.9986,124.2928,68.65,89,24,1.34
137,Swellendam,ZA,2021-06-13 23:26:16,-34.0226,20.4417,46.78,91,17,3.24
138,Polovinnoye,RU,2021-06-13 23:26:17,54.7914,65.9864,60.78,55,10,4.52
139,Ust-Koksa,RU,2021-06-13 23:26:17,50.2696,85.6108,39.65,90,31,0.43
140,New Norfolk,AU,2021-06-13 23:26:18,-42.7826,147.0587,53.65,88,100,0.96
141,Nikki,BJ,2021-06-13 23:26:18,9.9401,3.2108,79.16,65,69,4.0
142,Pevek,RU,2021-06-13 23:26:18,69.7008,170.3133,39.69,71,100,5.17
143,Tura,IN,2021-06-13 23:24:08,25.5198,90.2201,75.76,92,87,3.89
144,Dubasari,MD,2021-06-13 23:26:19,47.2631,29.1608,57.99,90,100,13.71
145,Antofagasta,CL,2021-06-13 23:24:26,-23.65,-70.4,58.28,81,10,4.52
146,Guebwiller,FR,2021-06-13 23:26:20,47.9167,7.2,59.45,64,6,4.07
147,Dasoguz,TM,2021-06-13 23:26:20,41.8363,59.9666,76.95,18,0,16.11
148,Saskylakh,RU,2021-06-13 23:26:21,71.9167,114.0833,42.78,50,8,10.89
149,Craig,US,2021-06-13 23:26:22,40.5153,-107.5464,93.15,7,1,9.22
150,Rio Grande,BR,2021-06-13 23:26:22,-32.035,-52.0986,56.95,85,0,9.64
151,Coihaique,CL,2021-06-13 23:26:22,-45.5752,-72.0662,35.55,87,20,4.61
152,Sept-Iles,CA,2021-06-13 23:26:23,50.2001,-66.3821,57.25,57,20,1.01
153,Guerrero Negro,MX,2021-06-13 23:26:23,27.9769,-114.0611,70.41,67,15,17.13
154,Mahebourg,MU,2021-06-13 23:26:24,-20.4081,57.7,74.25,73,75,14.97
155,Buraydah,SA,2021-06-13 23:26:24,26.326,43.975,84.65,18,0,10.33
156,Tracy,US,2021-06-13 23:26:25,37.7397,-121.4252,89.22,40,1,11.01
157,Alice Springs,AU,2021-06-13 23:26:25,-23.7,133.8833,58.55,77,40,6.91
158,Bhuban,IN,2021-06-13 23:26:26,20.8833,85.8333,82.89,86,95,2.35
159,Lavrentiya,RU,2021-06-13 23:26:26,65.5833,-171.0,35.46,98,100,10.45
160,Codrington,AU,2021-06-13 23:26:26,-38.2667,141.9667,49.91,81,100,6.53
161,Tasiilaq,GL,2021-06-13 23:26:27,65.6145,-37.6368,35.76,77,99,1.28
162,Kisesa,TZ,2021-06-13 23:26:27,-3.0833,34.15,68.76,54,84,6.35
163,Korla,CN,2021-06-13 23:26:28,41.7597,86.1469,66.0,52,98,16.46
164,Cherskiy,RU,2021-06-13 23:26:28,68.75,161.3,60.57,34,69,4.54
165,Canico,PT,2021-06-13 23:26:29,32.6333,-16.85,70.43,60,40,5.75
166,Chokurdakh,RU,2021-06-13 23:26:29,70.6333,147.9167,60.31,51,97,7.05
167,Karangasem,ID,2021-06-13 23:26:29,-8.45,115.6167,77.88,87,92,5.1
168,Fort Portal,UG,2021-06-13 23:26:30,0.6617,30.2748,62.08,72,100,1.92
169,Parainen,FI,2021-06-13 23:26:30,60.3067,22.301,51.89,72,8,5.35
170,Thinadhoo,MV,2021-06-13 23:26:31,0.5333,72.9333,81.97,75,94,9.4
171,Victoria,HK,2021-06-13 23:26:31,22.2855,114.1577,85.96,85,100,1.99
172,Plock,PL,2021-06-13 23:26:31,52.5468,19.7064,49.96,93,5,7.23
173,Hammerfest,NO,2021-06-13 23:26:32,70.6634,23.6821,45.05,76,75,21.85
174,Qui Nhon,VN,2021-06-13 23:26:32,13.7667,109.2333,81.86,70,99,5.46
175,Santo Tomas,PH,2021-06-13 23:26:33,14.1079,121.1414,81.32,86,100,0.63
176,Ishigaki,JP,2021-06-13 23:26:33,24.3448,124.1572,84.33,89,75,12.66
177,Haicheng,CN,2021-06-13 23:26:34,40.8516,122.7475,69.35,61,100,6.89
178,Novoilinsk,RU,2021-06-13 23:26:34,51.6829,108.7143,51.58,71,43,8.23
179,Sambava,MG,2021-06-13 23:21:39,-14.2667,50.1667,70.2,93,13,3.94
180,Ekhabi,RU,2021-06-13 23:26:35,53.5102,142.9671,49.89,59,100,9.69
181,Kavieng,PG,2021-06-13 23:26:35,-2.5744,150.7967,83.98,71,15,13.73
182,Khash,IR,2021-06-13 23:26:36,28.2211,61.2158,82.45,12,0,3.91
183,Rio Gallegos,AR,2021-06-13 23:26:36,-51.6226,-69.2181,33.85,80,0,21.85
184,Metro,ID,2021-06-13 23:26:37,-5.1131,105.3067,74.79,94,24,4.0
185,Nuevo Progreso,MX,2021-06-13 23:25:11,23.1667,-97.95,87.6,72,81,4.0
186,Avera,US,2021-06-13 23:26:37,33.194,-82.5271,85.75,67,92,7.05
187,Malakal,SS,2021-06-13 23:26:38,9.5334,31.6605,81.03,64,100,3.94
188,Port Macquarie,AU,2021-06-13 23:26:38,-31.4333,152.9167,54.9,63,26,3.83
189,Chuy,UY,2021-06-13 23:22:02,-33.6971,-53.4616,56.8,85,0,6.17
190,Udomlya,RU,2021-06-13 23:26:39,57.8794,34.9925,57.56,87,64,3.8
191,Meulaboh,ID,2021-06-13 23:26:39,4.1363,96.1285,76.57,88,96,4.88
192,Narsaq,GL,2021-06-13 23:26:40,60.9167,-46.05,50.22,77,77,4.03
193,Lagoa,PT,2021-06-13 23:26:40,39.05,-27.9833,68.11,80,16,4.72
194,Bengkulu,ID,2021-06-13 23:26:41,-3.8004,102.2655,75.58,84,68,2.82
195,Faanui,PF,2021-06-13 23:26:41,-16.4833,-151.75,79.84,79,23,15.01
196,Nova Olinda Do Norte,BR,2021-06-13 23:26:41,-3.8881,-59.0942,80.47,72,95,1.68
197,Raton,US,2021-06-13 23:26:42,36.9034,-104.4391,88.14,33,75,9.22
198,Chernyshevskiy,RU,2021-06-13 23:26:42,63.0128,112.4714,56.44,63,94,2.93
199,Pangody,RU,2021-06-13 23:25:28,65.85,74.4859,65.77,52,100,8.68
200,Pervomayskoye,RU,2021-06-13 23:25:40,43.919,46.7102,63.73,92,76,5.55
201,Kampene,CD,2021-06-13 23:26:43,-3.6,26.6667,70.52,64,19,1.41
202,Cuamba,MZ,2021-06-13 23:26:44,-14.8031,36.5372,56.46,81,0,3.4
203,Esperance,AU,2021-06-13 23:26:44,-33.8667,121.9,51.64,73,2,19.51
204,Hualmay,PE,2021-06-13 23:26:44,-11.0964,-77.6139,65.5,82,15,7.76
205,Vardo,NO,2021-06-13 23:26:45,70.3705,31.1107,47.46,78,100,11.14
206,Salamanca,ES,2021-06-13 23:25:51,40.8333,-6.0,63.0,74,53,2.51
207,Champerico,GT,2021-06-13 23:26:46,14.3,-91.9167,84.34,73,100,3.76
208,North Branch,US,2021-06-13 23:26:46,45.5113,-92.9802,95.07,51,5,16.33
209,Kulhudhuffushi,MV,2021-06-13 23:26:47,6.6221,73.07,83.16,70,96,18.66
210,Belmonte,BR,2021-06-13 23:26:47,-15.8631,-38.8828,73.9,74,97,13.56
211,Birin,NP,2021-06-13 23:26:47,26.8865,88.0718,64.49,86,81,6.29
212,Hithadhoo,MV,2021-06-13 23:26:48,-0.6,73.0833,82.33,73,100,8.39
213,Boueni,YT,2021-06-13 23:24:38,-12.9025,45.0761,76.98,71,20,16.84
214,Changji,CN,2021-06-13 23:26:49,44.0167,87.3167,57.99,72,75,4.47
215,Oistins,BB,2021-06-13 23:26:50,13.0667,-59.5333,78.89,73,40,17.27
216,San Quintin,MX,2021-06-13 23:26:50,30.4833,-115.95,70.5,69,4,17.54
217,Saint-Georges,GD,2021-06-13 23:25:34,12.0564,-61.7485,82.08,78,75,9.22
218,Hasaki,JP,2021-06-13 23:26:51,35.7333,140.8333,75.42,88,100,10.65
219,Kemijarvi,FI,2021-06-13 23:26:51,66.7131,27.4306,46.72,69,35,6.51
220,Katobu,ID,2021-06-13 23:26:52,-4.9408,122.5276,75.31,93,100,3.11
221,Henties Bay,NA,2021-06-13 23:26:52,-22.116,14.2845,64.02,63,9,5.86
222,Santa Fe,AR,2021-06-13 23:25:22,-31.6333,-60.7,64.0,71,0,3.0
223,Castro,BR,2021-06-13 23:26:53,-24.7911,-50.0119,49.17,84,0,4.29
224,Nakusp,CA,2021-06-13 23:26:53,50.2499,-117.8023,61.14,72,95,5.75
225,Chicama,PE,2021-06-13 23:26:54,-7.8447,-79.1469,64.94,78,24,7.63
226,Longyearbyen,SJ,2021-06-13 23:26:54,78.2186,15.6401,28.09,81,100,5.14
227,Santiago Del Estero,AR,2021-06-13 23:26:55,-27.7951,-64.2615,67.15,36,0,7.85
228,San Carlos,VE,2021-06-13 23:26:55,9.6612,-68.5827,77.54,78,40,1.48
229,Tianpeng,CN,2021-06-13 23:26:55,30.9866,103.9393,75.63,82,100,2.73
230,Bambous Virieux,MU,2021-06-13 23:26:56,-20.3428,57.7575,74.21,73,75,14.97
231,East London,ZA,2021-06-13 23:23:22,-33.0153,27.9116,64.11,64,93,11.18
232,Shingu,JP,2021-06-13 23:26:56,33.7333,135.9833,76.19,85,99,4.56
233,Ketchikan,US,2021-06-13 23:26:57,55.3422,-131.6461,61.66,71,92,3.6
234,Andenes,NO,2021-06-13 23:26:57,69.3143,16.1194,42.78,75,90,16.11
235,Hamilton,US,2021-06-13 23:26:58,39.1834,-84.5333,87.24,61,20,1.01
236,Coria,ES,2021-06-13 23:26:58,39.9879,-6.5377,70.45,46,45,3.33
237,Najran,SA,2021-06-13 23:26:58,17.4924,44.1277,75.85,13,99,3.04
238,Poum,NC,2021-06-13 23:24:23,-20.2333,164.0167,74.89,72,45,6.73
239,San Ignacio,BZ,2021-06-13 23:26:59,17.1561,-89.0714,91.54,58,0,0.0
240,Sadovoye,RU,2021-06-13 23:26:59,47.7764,44.5089,64.72,73,100,3.04
241,Murfreesboro,US,2021-06-13 23:23:06,35.8456,-86.3903,91.24,68,1,0.0
242,Honningsvag,NO,2021-06-13 23:27:00,70.9821,25.9704,43.95,80,78,28.23
243,Le Port,RE,2021-06-13 23:27:01,-20.9373,55.2919,73.36,86,29,12.01
244,Yacuanquer,CO,2021-06-13 23:27:01,1.1158,-77.4017,51.62,93,100,2.95
245,Campo Verde,BR,2021-06-13 23:27:02,-20.4167,-54.0667,69.01,57,0,5.93
246,Vila Velha,BR,2021-06-13 23:26:44,-20.3297,-40.2925,69.75,78,75,5.75
247,Yamada,JP,2021-06-13 23:27:02,39.4667,141.95,71.08,75,91,3.69
248,Roald,NO,2021-06-13 23:27:03,62.5833,6.1333,55.17,82,90,13.8
249,Cayenne,GF,2021-06-13 23:27:04,4.9333,-52.3333,77.04,90,90,0.0
250,Ancud,CL,2021-06-13 23:27:05,-41.8697,-73.8203,40.42,73,9,6.08
251,Poya,NC,2021-06-13 23:27:05,-21.35,165.15,77.81,62,57,5.08
252,Vitim,RU,2021-06-13 23:27:05,59.4511,112.5578,60.96,43,100,1.59
253,Iona,US,2021-06-13 23:22:31,26.5204,-81.964,87.89,68,20,3.0
254,Constitucion,CL,2021-06-13 23:27:06,-35.3333,-72.4167,57.0,89,100,6.85
255,Namatanai,PG,2021-06-13 23:27:07,-3.6667,152.4333,83.25,64,62,5.37
256,Talnakh,RU,2021-06-13 23:27:07,69.4865,88.3972,37.89,92,100,8.72
257,Lypnyazhka,UA,2021-06-13 23:27:07,48.4469,31.0761,55.08,95,100,12.01
258,Luohe,CN,2021-06-13 23:27:08,33.5717,114.0353,78.82,88,96,6.38
259,Nome,US,2021-06-13 23:25:48,64.5011,-165.4064,46.17,87,90,10.36
260,Mar Del Plata,AR,2021-06-13 23:27:09,-38.0023,-57.5575,63.0,80,0,7.0
261,Barranca,PE,2021-06-13 23:25:08,-10.75,-77.7667,65.37,81,19,6.73
262,Elektrenai,LT,2021-06-13 23:27:09,54.7667,24.6333,54.68,84,46,10.94
263,Bairiki,KI,2021-06-13 23:27:10,1.3292,172.9752,86.0,74,40,12.66
264,Yelan,RU,2021-06-13 23:27:10,50.949,43.7378,59.61,92,41,4.09
265,San Matias,BO,2021-06-13 23:27:10,-16.3667,-58.4,72.37,60,0,3.69
266,Torbay,CA,2021-06-13 23:27:11,47.6666,-52.7314,50.88,79,90,17.27
267,Bonito,BR,2021-06-13 23:27:11,-21.1211,-56.4819,61.02,68,0,1.23
268,Kenitra,MA,2021-06-13 23:27:12,34.261,-6.5802,66.83,89,1,3.78
269,Carnarvon,AU,2021-06-13 23:27:12,-24.8667,113.6333,55.47,73,0,8.05
270,Port Hardy,CA,2021-06-13 23:27:13,50.6996,-127.4199,68.18,56,75,14.97
271,Porto Torres,IT,2021-06-13 23:27:13,40.835,8.3972,68.18,75,3,1.83
272,Flinders,AU,2021-06-13 23:27:14,-34.5833,150.8552,57.38,79,99,1.01
273,Kahului,US,2021-06-13 23:27:14,20.8947,-156.47,82.42,69,40,25.32
274,Salalah,OM,2021-06-13 23:23:59,17.0151,54.0924,84.29,84,75,8.05
275,Bethel,US,2021-06-13 23:27:15,41.3712,-73.414,74.07,75,90,8.05
276,Wajima,JP,2021-06-13 23:27:15,37.4,136.9,68.68,100,90,4.61
277,Vostok,RU,2021-06-13 23:27:16,46.4856,135.8833,63.41,50,0,3.62
278,Palmer,US,2021-06-13 23:23:57,42.1584,-72.3287,77.2,47,78,5.01
279,Paamiut,GL,2021-06-13 23:27:17,61.994,-49.6678,38.23,90,47,13.42
280,Zaozerne,UA,2021-06-13 23:27:17,45.1582,33.2787,66.7,83,46,14.52
281,Pochutla,MX,2021-06-13 23:25:49,15.7432,-96.4661,83.25,78,94,2.37
282,Naron,ES,2021-06-13 23:27:18,43.5167,-8.1528,67.05,96,100,4.03
283,Maarianhamina,AX,2021-06-13 23:27:18,60.0973,19.9348,53.46,71,0,10.36
284,Svetlyy,RU,2021-06-13 23:27:18,54.675,20.1347,50.05,91,6,5.73
285,Sharon,US,2021-06-13 23:27:19,41.2331,-80.4934,78.85,74,75,17.27
286,Alamosa,US,2021-06-13 23:27:19,37.4695,-105.87,89.11,8,1,8.05
287,Aleksandrov Gay,RU,2021-06-13 23:24:57,50.147,48.5704,69.35,67,100,10.07
288,Bassila,BJ,2021-06-13 23:27:20,9.0081,1.6654,76.39,74,92,5.93
289,Mormugao,IN,2021-06-13 23:27:20,15.4,73.8,76.26,100,75,5.75
290,Rawson,AR,2021-06-13 23:27:21,-43.3002,-65.1023,48.7,54,55,11.81
291,Bubaque,GW,2021-06-13 23:27:21,11.2833,-15.8333,76.6,93,95,26.73
292,Olinda,BR,2021-06-13 23:26:49,-8.0089,-34.8553,74.93,73,20,6.91
293,Svilengrad,BG,2021-06-13 23:27:22,41.7667,26.2,54.86,86,29,3.8
294,Aripuana,BR,2021-06-13 23:27:23,-9.1667,-60.6333,80.83,55,53,1.83
295,Beloha,MG,2021-06-13 23:27:23,-25.1667,45.05,64.42,89,11,2.64
296,Berbera,SO,2021-06-13 23:27:23,10.4396,45.0143,91.69,38,92,19.13
297,Fortuna,US,2021-06-13 23:27:24,40.5982,-124.1573,72.19,63,90,1.99
298,Kautokeino,NO,2021-06-13 23:27:24,69.0125,23.0412,41.99,66,34,11.61
299,Togul,RU,2021-06-13 23:27:25,53.465,85.9128,53.56,98,100,3.76
300,Devarkonda,IN,2021-06-13 23:27:25,16.7,78.9333,77.56,76,100,24.4
301,Christchurch,NZ,2021-06-13 23:22:27,-43.5333,172.6333,52.03,93,90,6.91
302,Saravan,AM,2021-06-13 23:27:26,39.7196,45.6483,56.05,62,8,5.7
303,Williston,US,2021-06-13 23:27:26,48.147,-103.618,83.03,29,0,1.01
304,Port Lincoln,AU,2021-06-13 23:27:27,-34.7333,135.8667,58.12,73,72,10.04
305,Xapuri,BR,2021-06-13 23:27:27,-10.6517,-68.5044,74.21,64,1,0.87
306,Bontang,ID,2021-06-13 23:26:16,0.1333,117.5,78.73,83,99,7.47
307,Geraldton,AU,2021-06-13 23:25:43,-28.7667,114.6,63.12,72,75,9.22
308,Berlevag,NO,2021-06-13 23:27:28,70.8578,29.0864,45.55,84,92,25.37
309,Mae Hong Son,TH,2021-06-13 23:27:29,19.3003,97.9685,73.15,96,100,2.73
310,Shache,CN,2021-06-13 23:27:29,38.4167,77.2406,73.63,31,100,7.25
311,San Cristobal,VE,2021-06-13 23:27:30,7.7669,-72.225,75.38,82,100,3.44
312,Broken Hill,AU,2021-06-13 23:27:30,-31.95,141.4333,51.51,76,90,9.22
313,Bilibino,RU,2021-06-13 23:27:31,68.0546,166.4372,57.96,41,100,2.39
314,Wilmington,US,2021-06-13 23:25:05,34.2257,-77.9447,80.51,79,75,13.8
315,Caravelas,BR,2021-06-13 23:27:31,-17.7125,-39.2481,72.75,74,78,11.32
316,Yar-Sale,RU,2021-06-13 23:27:32,66.8333,70.8333,63.77,62,95,1.61
317,Sioux Lookout,CA,2021-06-13 23:27:32,50.1001,-91.917,61.18,82,75,9.22
318,Okato,NZ,2021-06-13 23:27:32,-39.2,173.8833,61.43,98,100,12.5
319,Hoshcha,UA,2021-06-13 23:27:33,50.6003,26.6744,52.9,96,100,13.0
320,Husavik,IS,2021-06-13 23:24:35,66.0449,-17.3389,35.51,88,100,17.02
321,Khovu-Aksy,RU,2021-06-13 23:27:34,51.1333,93.6,42.8,82,10,1.97
322,Baykit,RU,2021-06-13 23:27:34,61.67,96.37,45.73,56,2,8.37
323,Mani,CO,2021-06-13 23:27:35,4.8172,-72.2886,76.21,87,35,4.18
324,Haines Junction,CA,2021-06-13 23:27:35,60.7522,-137.5108,64.35,45,52,6.91
325,Buala,SB,2021-06-13 23:27:36,-8.145,159.5921,83.19,74,67,9.24
326,Abomey,BJ,2021-06-13 23:27:36,7.1829,1.9912,74.43,92,61,6.46
327,Ostrovnoy,RU,2021-06-13 23:27:37,68.0531,39.5131,49.91,88,55,15.66
328,Kedrovyy,RU,2021-06-13 23:27:37,56.1667,91.8167,50.41,97,98,7.34
329,Lorengau,PG,2021-06-13 23:27:38,-2.0226,147.2712,84.42,69,96,9.42
330,Dunedin,NZ,2021-06-13 23:27:16,-45.8742,170.5036,52.81,97,100,7.45
331,Freeport,US,2021-06-13 23:27:38,40.6576,-73.5832,71.56,73,90,1.99
332,Raudeberg,NO,2021-06-13 23:27:39,61.9875,5.1352,52.2,93,100,19.39
333,Hambantota,LK,2021-06-13 23:27:39,6.1241,81.1185,78.22,84,99,20.54
334,Yoichi,JP,2021-06-13 23:27:39,43.2039,140.7703,62.64,80,14,3.51
335,Wageningen,NL,2021-06-13 23:27:40,51.9667,5.6667,61.95,81,0,2.3
336,Hedaru,TZ,2021-06-13 23:27:40,-4.5,37.9,60.66,95,0,3.33
337,Lyuban,BY,2021-06-13 23:27:41,52.7985,28.0048,55.24,96,87,11.81
338,Airai,TL,2021-06-13 23:27:41,-8.9266,125.4092,61.74,75,65,1.77
339,Saiki,JP,2021-06-13 23:27:42,32.95,131.9,69.8,93,95,2.82
340,Jinchang,CN,2021-06-13 23:27:42,38.4953,102.1739,62.26,59,35,8.84
341,Omboue,GA,2021-06-13 23:27:42,-1.5746,9.2618,76.48,90,99,6.87
342,Ballina,AU,2021-06-13 23:27:43,-28.8667,153.5667,58.95,75,17,5.75
343,Alekseyevka,RU,2021-06-13 23:27:43,50.6309,38.6903,60.98,87,29,2.73
344,Izumo,JP,2021-06-13 23:27:44,35.3667,132.7667,73.29,88,75,1.14
345,Tessalit,ML,2021-06-13 23:25:57,20.1986,1.0114,96.01,10,91,7.85
346,Ponta Grossa,BR,2021-06-13 23:22:45,-25.095,-50.1619,50.04,79,0,4.36
347,Moose Factory,CA,2021-06-13 23:23:59,51.2585,-80.6094,59.0,44,90,6.91
348,Moussoro,TD,2021-06-13 23:27:45,13.6408,16.4901,89.46,37,100,9.69
349,Marrakesh,MA,2021-06-13 23:27:46,31.6315,-8.0083,71.67,56,0,6.91
350,Ushumun,RU,2021-06-13 23:27:46,52.7833,126.5333,66.31,80,99,11.32
351,Mount Isa,AU,2021-06-13 23:27:47,-20.7333,139.5,64.17,27,40,5.75
352,Northam,GB,2021-06-13 23:24:27,51.0333,-4.2167,60.48,86,34,4.07
353,Marzuq,YE,2021-06-13 23:27:48,14.4,46.4667,77.63,27,88,4.38
354,Kungurtug,RU,2021-06-13 23:27:48,50.5994,97.5228,45.19,77,77,1.66
355,Salto Del Guaira,PY,2021-06-13 23:27:48,-24.0625,-54.3069,56.08,88,0,5.12
356,Arvin,US,2021-06-13 23:27:49,35.2091,-118.8284,103.21,34,0,7.25
357,Ucluelet,CA,2021-06-13 23:25:21,48.9329,-125.5528,68.95,85,69,10.54
358,Anadyr,RU,2021-06-13 23:27:49,64.75,177.4833,46.9,70,75,13.0
359,Khandbari,NP,2021-06-13 23:27:50,27.3747,87.2039,71.6,80,93,2.93
360,Luwuk,ID,2021-06-13 23:26:01,-0.9516,122.7875,77.92,86,52,1.03
361,Santa Isabel Do Rio Negro,BR,2021-06-13 23:27:50,-0.4139,-65.0192,75.02,95,86,2.42
362,Zakamensk,RU,2021-06-13 23:27:51,50.3741,103.2863,48.85,93,95,0.78
363,Neyshabur,IR,2021-06-13 23:27:51,36.2133,58.7958,78.28,21,0,5.19
364,Santa Cruz,BO,2021-06-13 23:27:34,-17.8,-63.1667,69.85,64,1,4.61
365,Big Rapids,US,2021-06-13 23:27:52,43.6981,-85.4837,80.24,58,16,6.85
366,Puerto Del Rosario,ES,2021-06-13 23:26:01,28.5004,-13.8627,69.55,73,37,14.97
367,Langen,DE,2021-06-13 23:27:53,49.9933,8.6728,62.64,69,0,7.0
368,Krasnyy Kut,RU,2021-06-13 23:27:53,50.95,46.9667,63.72,91,100,7.07
369,Pietarsaari,FI,2021-06-13 23:27:54,63.65,22.6833,54.9,71,84,10.83
370,Joseni,RO,2021-06-13 23:27:55,46.7,25.5,48.92,93,51,2.86
371,Mackay,AU,2021-06-13 23:27:55,-21.15,149.2,75.04,88,75,6.91
372,Dorado,PR,2021-06-13 23:27:56,18.4588,-66.2677,82.76,83,40,12.66
373,Gallup,US,2021-06-13 23:27:56,35.5281,-108.7426,98.44,4,1,8.99
374,Port Shepstone,ZA,2021-06-13 23:27:57,-30.7414,30.455,69.03,47,1,10.0
375,Chifeng,CN,2021-06-13 23:27:57,42.2683,118.9636,73.02,71,100,6.91
376,Griffith,US,2021-06-13 23:27:58,41.5284,-87.4237,87.62,36,1,1.01
377,Bathsheba,BB,2021-06-13 23:27:58,13.2167,-59.5167,79.41,73,40,17.27
378,Hay River,CA,2021-06-13 23:27:58,60.8156,-115.7999,58.98,55,75,10.36
379,Hue,VN,2021-06-13 23:27:59,16.4667,107.6,80.71,78,40,4.61
380,Axim,GH,2021-06-13 23:27:59,4.8699,-2.2405,80.06,84,26,10.42
381,Margate,GB,2021-06-13 23:28:00,51.3813,1.3862,63.3,75,4,1.99
382,Komsomolskiy,UZ,2021-06-13 23:28:00,40.4272,71.7189,67.42,55,4,4.61
383,Ludvika,SE,2021-06-13 23:28:01,60.1496,15.1878,58.8,66,36,5.82
384,Basar,IN,2021-06-13 23:28:01,27.9833,94.6667,71.46,99,51,2.21
385,Clovis,US,2021-06-13 23:24:49,36.8252,-119.7029,98.6,33,20,3.0
386,Aksarka,RU,2021-06-13 23:28:02,66.5606,67.7975,62.53,69,74,5.48
387,Sao Filipe,CV,2021-06-13 23:24:24,14.8961,-24.4956,75.29,86,90,8.52
388,Iquique,CL,2021-06-13 23:28:03,-20.2208,-70.1431,60.84,79,7,0.27
389,Tuatapere,NZ,2021-06-13 23:28:04,-46.1333,167.6833,49.82,92,77,3.33
390,Kromy,RU,2021-06-13 23:28:04,52.6876,35.7667,58.21,92,73,4.29
391,Vanimo,PG,2021-06-13 23:28:05,-2.6741,141.3028,79.95,86,48,4.76
392,Linfen,CN,2021-06-13 23:28:06,36.0889,111.5189,78.4,76,98,3.98
393,Stornoway,GB,2021-06-13 23:28:06,58.2093,-6.3865,51.93,82,90,13.8
394,Golfito,CR,2021-06-13 23:28:06,8.639,-83.166,78.85,90,100,2.55
395,Alta Floresta,BR,2021-06-13 23:28:07,-9.8756,-56.0861,77.14,61,7,3.83
396,Novoagansk,RU,2021-06-13 23:26:14,61.9449,76.6625,58.96,81,21,6.22
397,Linxia,CN,2021-06-13 23:28:07,35.6003,103.2064,58.12,88,100,1.19
398,Anjozorobe,MG,2021-06-13 23:28:08,-18.4,47.8667,61.12,98,100,2.28
399,Betlitsa,RU,2021-06-13 23:28:08,54.0095,33.9588,57.13,97,98,4.38
400,Requena,ES,2021-06-13 23:28:09,39.4883,-1.1004,67.71,47,18,3.27
401,Sikandra Rao,IN,2021-06-13 23:28:09,27.7,78.4,86.07,61,0,4.18
402,Ngama,TD,2021-06-13 23:28:10,11.7833,17.1667,88.81,45,98,4.32
403,Tevaitoa,PF,2021-06-13 23:28:10,-16.7833,-151.5,79.48,79,23,16.44
404,Bantogon,PH,2021-06-13 23:28:11,6.5333,124.0333,78.82,82,99,2.91
405,Dimbokro,CI,2021-06-13 23:28:11,6.6451,-4.7048,74.62,95,52,4.09
406,Souillac,MU,2021-06-13 23:28:11,-20.5167,57.5167,74.35,73,75,14.97
407,Singapore,SG,2021-06-13 23:23:35,1.2897,103.8501,78.84,90,75,0.0
408,Labrea,BR,2021-06-13 23:28:12,-7.2586,-64.7981,81.48,57,86,0.54
409,Namibe,AO,2021-06-13 23:28:13,-15.1961,12.1522,70.68,75,61,1.39
410,Qinzhou,CN,2021-06-13 23:28:13,21.95,108.6167,80.82,86,71,12.44
411,Buchanan,LR,2021-06-13 23:28:14,5.8808,-10.0467,76.96,88,95,8.77
412,Hofn,IS,2021-06-13 23:28:14,64.2539,-15.2082,40.68,72,100,15.05
413,Kerman,IR,2021-06-13 23:28:15,30.2832,57.0788,78.66,14,0,6.91
414,Pangnirtung,CA,2021-06-13 23:24:01,66.1451,-65.7125,36.59,94,97,1.23
415,Kathu,TH,2021-06-13 23:28:15,7.9178,98.3332,84.69,75,100,10.04
416,Fonte Boa,BR,2021-06-13 23:28:16,-2.4959,-66.2662,74.01,93,100,1.19
417,Bonthe,SL,2021-06-13 23:28:16,7.5264,-12.505,78.69,88,95,5.5
418,Obo,CF,2021-06-13 23:28:17,5.3998,26.4869,67.24,99,99,3.09
419,Taldan,RU,2021-06-13 23:28:17,53.6667,124.8,64.63,80,98,2.86
420,Kruisfontein,ZA,2021-06-13 23:28:18,-34.0033,24.7314,53.47,88,31,7.56
421,Ternate,ID,2021-06-13 23:28:18,0.8,127.4,80.62,77,100,2.21
422,Caucaia,BR,2021-06-13 23:28:19,-3.7361,-38.6531,81.03,77,0,5.75
423,Pangkalanbuun,ID,2021-06-13 23:24:20,-2.6833,111.6167,73.63,99,62,2.55
424,Bani,DO,2021-06-13 23:28:20,18.2833,-70.3333,82.85,78,6,10.4
425,Cambridge,CA,2021-06-13 23:27:33,43.3601,-80.3127,78.19,46,1,1.99
426,Hilton Head Island,US,2021-06-13 23:23:21,32.2163,-80.7526,80.71,85,99,3.47
427,Punta De Piedra,VE,2021-06-13 23:28:20,7.6176,-71.4916,77.05,84,61,1.21
428,Seydisehir,TR,2021-06-13 23:28:21,37.4193,31.8453,60.58,70,90,2.95
429,Westport,US,2021-06-13 23:26:05,41.1415,-73.3579,73.17,77,90,3.0
430,Amahai,ID,2021-06-13 23:28:21,-3.3333,128.9167,78.33,87,100,0.87
431,Tumsar,IN,2021-06-13 23:28:22,21.3833,79.7333,79.52,77,100,4.85
432,Douglas,US,2021-06-13 23:28:22,41.3,-96.167,92.5,28,1,3.0
433,Nouadhibou,MR,2021-06-13 23:28:23,20.931,-17.0347,73.38,68,58,20.71
434,Mayumba,GA,2021-06-13 23:28:23,-3.432,10.6554,75.78,87,28,5.57
435,Iqaluit,CA,2021-06-13 23:28:24,63.7506,-68.5145,35.33,87,75,8.01
436,Sawai Madhopur,IN,2021-06-13 23:28:25,25.9833,76.3667,88.86,43,32,5.17
437,Padang,ID,2021-06-13 23:28:25,-0.9492,100.3543,77.68,83,42,4.25
438,Jiazi,CN,2021-06-13 23:28:26,22.8779,116.067,81.3,86,52,5.84
439,Pedernales,DO,2021-06-13 23:28:27,18.0384,-71.744,83.62,67,27,11.39
440,Sevnica,SI,2021-06-13 23:28:28,46.0078,15.3156,59.65,81,0,3.96
441,Pitimbu,BR,2021-06-13 23:28:28,-7.4706,-34.8086,73.99,86,23,9.8
442,Klaeng,TH,2021-06-13 23:28:29,12.7797,101.6483,83.14,97,100,4.79
443,Esil,KZ,2021-06-13 23:28:29,51.9556,66.4042,61.3,63,33,3.24
444,Salmas,IR,2021-06-13 23:28:29,38.1973,44.7653,58.19,40,0,4.63
445,Markova,UA,2021-06-13 23:28:30,48.6758,24.4138,49.19,97,100,11.74
446,Saint George,US,2021-06-13 23:28:30,37.1041,-113.5841,108.63,5,1,1.99
447,Nizhniy Baskunchak,RU,2021-06-13 23:28:31,48.2198,46.8311,67.41,81,100,6.93
448,Ahipara,NZ,2021-06-13 23:28:31,-35.1667,173.1667,60.93,98,100,2.77
449,Indiana,US,2021-06-13 23:25:43,40.0003,-86.2503,85.71,38,1,16.11
450,Lokosovo,RU,2021-06-13 23:28:32,61.1333,74.8167,62.02,62,59,7.0
451,Huilong,CN,2021-06-13 23:28:32,31.8111,121.655,78.04,92,71,7.18
452,Pandan,PH,2021-06-13 23:28:32,14.0453,124.1694,81.48,78,90,3.87
453,Forest Grove,US,2021-06-13 23:28:33,45.5198,-123.1107,64.94,79,90,1.01
454,Ialibu,PG,2021-06-13 23:28:33,-6.2821,143.9935,62.04,84,53,1.74
455,Kayerkan,RU,2021-06-13 23:28:34,69.3497,87.7602,40.23,80,99,8.08
456,Zmeinogorsk,RU,2021-06-13 23:28:34,51.1567,82.195,50.86,80,50,0.92
457,Muzhi,RU,2021-06-13 23:28:35,65.3667,64.6667,63.54,65,79,4.36
458,Tarko-Sale,RU,2021-06-13 23:28:35,64.9225,77.785,64.53,67,100,11.59
459,Findhorn,GB,2021-06-13 23:28:35,57.6572,-3.6085,57.34,79,75,6.91
460,Morondava,MG,2021-06-13 23:28:36,-20.2833,44.2833,69.57,78,38,7.78
461,Brokopondo,SR,2021-06-13 23:28:36,4.75,-55.1667,77.16,89,79,7.2
462,Saint-Michel-Des-Saints,CA,2021-06-13 23:28:37,46.6834,-73.9159,70.93,59,93,3.89
463,Yaan,NG,2021-06-13 23:28:37,7.3833,8.5667,78.31,79,61,3.02
464,Mehamn,NO,2021-06-13 23:28:37,71.0357,27.8492,44.71,85,90,25.12
465,Kutum,SD,2021-06-13 23:26:05,14.2,24.6667,83.43,12,33,9.64
466,Ranong,TH,2021-06-13 23:28:38,9.9658,98.6348,78.73,90,100,8.19
467,Kiama,AU,2021-06-13 23:28:38,-34.6833,150.8667,58.37,78,100,1.99
468,Lamar,US,2021-06-13 23:28:39,33.6668,-95.5836,95.65,58,1,4.61
469,Crossville,US,2021-06-13 23:25:33,35.949,-85.0269,86.63,68,20,4.61
470,Copiapo,CL,2021-06-13 23:28:40,-27.3667,-70.3333,53.29,61,0,2.06
471,Baracoa,CU,2021-06-13 23:28:40,20.3467,-74.4958,82.17,78,99,2.64
472,Russell,US,2021-06-13 23:28:41,32.3502,-85.1999,89.2,62,1,4.61
473,Tilichiki,RU,2021-06-13 23:28:41,60.4667,166.1,55.08,48,2,8.72
474,Jalu,LY,2021-06-13 23:28:41,29.0331,21.5482,73.47,52,0,11.99
475,Lunel,FR,2021-06-13 23:28:42,43.6778,4.1361,77.68,73,0,2.3
476,Scarborough,GB,2021-06-13 23:28:42,54.2797,-0.4044,67.66,82,0,1.99
477,Tweed,CA,2021-06-13 23:28:43,44.4751,-77.3162,76.19,63,100,5.14
478,Nabire,ID,2021-06-13 23:28:43,-3.3667,135.4833,78.17,85,87,2.75
479,Vallenar,CL,2021-06-13 23:28:45,-28.5708,-70.7581,58.95,61,0,2.57
480,Lagos,NG,2021-06-13 23:24:16,6.5833,3.75,82.72,84,53,4.83
481,Naples,IT,2021-06-13 23:24:46,40.8333,14.25,74.14,84,0,2.3
482,Mangan,IN,2021-06-13 23:28:46,27.5167,88.5333,73.99,82,83,2.75
483,Adre,TD,2021-06-13 23:28:46,13.4667,22.2,86.29,22,100,7.81
484,Gao,ML,2021-06-13 23:28:46,16.6362,1.637,89.15,30,82,11.07
485,Sibolga,ID,2021-06-13 23:25:59,1.7427,98.7792,77.02,86,97,3.04
486,Port Blair,IN,2021-06-13 23:28:47,11.6667,92.75,78.84,89,90,10.36
487,Tuzla,BA,2021-06-13 23:28:47,44.5428,18.6694,49.96,93,0,2.3
488,Oranjestad,AW,2021-06-13 23:24:43,12.524,-70.027,82.35,81,20,11.01
489,Yulara,AU,2021-06-13 23:28:48,-25.2406,130.9889,53.44,76,40,8.05
490,Dicabisagan,PH,2021-06-13 23:28:48,17.0818,122.4157,82.67,69,67,3.4
491,Touros,BR,2021-06-13 23:28:49,-5.1989,-35.4608,77.9,76,71,13.13
492,Ginir,ET,2021-06-13 23:28:49,7.1333,40.7,54.19,88,97,5.3
493,Saint-Joseph,RE,2021-06-13 23:28:50,-21.3667,55.6167,71.96,77,39,14.2
494,Clement Town,IN,2021-06-13 23:28:50,30.2667,78.0667,75.2,75,16,3.62
495,Tarboro,US,2021-06-13 23:28:50,35.8968,-77.5358,82.78,69,1,4.61
496,Plaster Rock,CA,2021-06-13 23:28:51,46.9065,-67.39,72.12,61,5,1.23
497,Barber,CW,2021-06-13 23:28:51,12.2833,-69.0667,80.58,78,20,14.97
498,Aketi,CD,2021-06-13 23:28:52,2.7388,23.7833,70.88,96,100,2.89
499,Xining,CN,2021-06-13 23:28:52,36.6167,101.7667,53.58,79,92,1.41
500,Zapresic,HR,2021-06-13 23:28:52,45.8564,15.8078,60.51,72,5,3.8
501,Belem De Sao Francisco,BR,2021-06-13 23:28:53,-8.7539,-38.9658,78.31,53,80,15.59
502,Makat,KZ,2021-06-13 23:28:53,47.6469,53.3463,82.15,33,100,9.24
503,Tigil,RU,2021-06-13 23:28:54,57.8,158.6667,62.78,45,0,6.33
504,Aviles,ES,2021-06-13 23:28:54,43.5547,-5.9248,67.77,97,40,1.99
505,Bocaiuva,BR,2021-06-13 23:28:55,-17.1078,-43.815,65.91,67,93,7.07
506,Manjacaze,MZ,2021-06-13 23:28:55,-24.7117,33.8828,59.34,94,0,3.71
507,Tromso,NO,2021-06-13 23:28:56,69.6496,18.957,42.82,81,90,4.0
508,Sandpoint,US,2021-06-13 23:28:56,48.2766,-116.5533,90.61,31,1,1.01
509,Gopalpur,IN,2021-06-13 23:28:57,19.2667,84.9167,83.25,77,100,4.74
510,Madera,US,2021-06-13 23:28:57,37.1666,-119.8343,97.0,27,0,1.99
511,Sanica,BA,2021-06-13 23:28:57,44.6142,16.6411,56.14,81,66,3.04
512,Ugoofaaru,MV,2021-06-13 23:28:58,5.6667,73.0,82.8,75,100,15.7
513,Skjervoy,NO,2021-06-13 23:28:58,70.0311,20.9714,44.28,79,93,27.27
514,Bundaberg,AU,2021-06-13 23:28:59,-24.85,152.35,59.22,88,40,3.0
515,Atar,MR,2021-06-13 23:28:59,20.5169,-13.0499,98.28,14,24,15.03
516,Kupang,ID,2021-06-13 23:29:00,-10.1667,123.5833,77.58,83,20,4.61
517,Ola,RU,2021-06-13 23:29:00,59.5833,151.2833,53.33,56,72,4.65
518,Kargasok,RU,2021-06-13 23:29:01,59.0556,80.8572,51.12,70,45,3.94
519,Constantine,DZ,2021-06-13 23:29:01,36.365,6.6147,71.01,43,0,2.3
520,Wiset Chai Chan,TH,2021-06-13 23:29:02,14.5989,100.3617,80.26,76,100,4.09
521,Mabaruma,GY,2021-06-13 23:29:02,8.2,-59.7833,75.38,90,35,3.47
522,Cefalu,IT,2021-06-13 23:29:02,38.0386,14.0229,74.41,48,2,3.0
523,Ko Samui,TH,2021-06-13 23:29:03,9.5357,99.9357,83.71,72,100,12.03
524,Valer,NO,2021-06-13 23:29:03,60.6785,11.8331,59.5,75,90,4.12
525,Coos Bay,US,2021-06-13 23:29:04,43.3665,-124.2179,67.86,92,90,8.05
526,Orlik,RU,2021-06-13 23:29:04,52.5178,99.825,42.96,81,28,2.1
527,Batemans Bay,AU,2021-06-13 23:29:05,-35.7167,150.1833,57.2,87,99,3.51
528,Udachnyy,RU,2021-06-13 23:24:53,66.4167,112.4,42.55,87,100,18.92
529,Rocha,UY,2021-06-13 23:29:05,-34.4833,-54.3333,55.72,90,1,6.15
530,Sisophon,KH,2021-06-13 23:29:06,13.5859,102.9737,75.43,89,100,5.28
531,Petit Goave,HT,2021-06-13 23:29:06,18.4314,-72.8669,87.98,74,90,5.12
532,Banda Aceh,ID,2021-06-13 23:29:07,5.5577,95.3222,80.64,78,99,9.1
533,Boulsa,BF,2021-06-13 23:29:07,12.6675,-0.5758,87.35,44,89,9.57
534,Camacha,PT,2021-06-13 23:29:07,33.0833,-16.3333,66.96,77,40,12.66
535,Te Anau,NZ,2021-06-13 23:29:08,-45.4167,167.7167,52.23,92,83,0.85
536,Pinega,RU,2021-06-13 23:29:08,64.7001,43.3936,60.15,92,94,6.58
537,Ixtapa,MX,2021-06-13 23:29:09,20.7,-105.2,81.63,78,90,2.3
538,Tondano,ID,2021-06-13 23:29:09,1.3038,124.9112,69.89,95,100,0.45
539,Bereda,ES,2021-06-13 23:29:10,43.2686,-7.5406,62.35,99,98,0.47
540,Chulumani,BO,2021-06-13 23:29:10,-16.4096,-67.5263,58.59,75,1,3.06
541,Matara,LK,2021-06-13 23:29:10,5.9485,80.5353,77.09,90,100,13.94
542,Sri Aman,MY,2021-06-13 23:29:11,1.2376,111.4621,75.25,94,97,4.61
543,Talcahuano,CL,2021-06-13 23:27:02,-36.7167,-73.1167,51.48,76,0,12.66
544,Hirara,JP,2021-06-13 23:29:12,24.8,125.2833,86.27,84,75,13.8
545,Merauke,ID,2021-06-13 23:29:12,-8.4667,140.3333,80.04,83,80,11.86
546,Yerbogachen,RU,2021-06-13 23:29:12,61.2767,108.0108,55.44,70,83,3.65
547,Pisco,PE,2021-06-13 23:29:13,-13.7,-76.2167,66.25,72,0,3.44
548,Richards Bay,ZA,2021-06-13 23:29:13,-28.783,32.0377,65.68,47,4,6.96
549,Kavaratti,IN,2021-06-13 23:29:14,10.5669,72.642,83.44,76,100,23.76
550,Nizhniy Kuranakh,RU,2021-06-13 23:29:14,58.8353,125.4869,55.33,64,99,4.94
551,Kamenka,RU,2021-06-13 23:29:15,51.3223,42.7678,58.93,93,10,7.0
552,Provideniya,RU,2021-06-13 23:29:15,64.3833,-173.3,35.94,97,100,14.61
553,Swan Hill,AU,2021-06-13 23:29:16,-35.3378,143.5544,51.33,64,96,7.09
554,Bilma,NE,2021-06-13 23:29:16,18.6853,12.9164,91.04,12,94,15.7
555,Mount Pleasant,US,2021-06-13 23:29:16,32.7941,-79.8626,79.3,85,90,1.99
556,Diban,SY,2021-06-13 23:29:17,35.0365,40.5167,82.85,18,0,7.96
557,Lalibela,ET,2021-06-13 23:29:17,12.0333,39.0333,65.97,31,73,2.17
558,Gawler,AU,2021-06-13 23:29:18,-34.6,138.7333,61.48,63,98,7.16
559,Hinesburg,US,2021-06-13 23:29:18,44.3292,-73.1107,80.46,46,75,1.99
560,Marsh Harbour,BS,2021-06-13 23:29:19,26.5412,-77.0636,82.98,73,52,10.6
561,Yarada,IN,2021-06-13 23:29:19,17.65,83.2667,82.72,83,75,4.61
562,Beyneu,KZ,2021-06-13 23:29:19,45.3167,55.2,80.29,41,100,17.27
563,Zharkent,KZ,2021-06-13 23:29:20,44.1628,80.0,54.73,36,37,3.47
564,Samarai,PG,2021-06-13 23:29:21,-10.6167,150.6667,81.23,77,34,6.64
565,Sudzha,RU,2021-06-13 23:29:21,51.1976,35.2726,58.44,92,70,4.9
